job,stage,task,category,detail,results
137367,3,ask_ubuntu__evolve__1014__d1,infrastructure,"Container startup/exec timeout, setup/solution/tests upload, or log cleanup failed; do not classify as wrong task answer.",/data/horse/ws/frwe188h-trp-shared/seta/scratch/job-137367-lXNxP3/validation-20261001T082314Z/results/stage_3_build_validation/16471e036cad/00008-ask_ubuntu__evolve__1014__d1
137367,3,ask_ubuntu__evolve__1032__b1,image_or_runtime,Rocky Linux Dockerfile already installs tmux; inspect build conversion/cache/runtime PATH.,/data/horse/ws/frwe188h-trp-shared/seta/scratch/job-137367-lXNxP3/validation-20261001T082314Z/results/stage_3_build_validation/16471e036cad/00015-ask_ubuntu__evolve__1032__b1
137367,3,ask_ubuntu__evolve__1091__b1,image_or_runtime,Rocky Linux Dockerfile already installs tmux; inspect build conversion/cache/runtime PATH.,/data/horse/ws/frwe188h-trp-shared/seta/scratch/job-137367-lXNxP3/validation-20261001T082314Z/results/stage_3_build_validation/16471e036cad/00040-ask_ubuntu__evolve__1091__b1
137367,3,ask_ubuntu__evolve__1116__b1,image_or_runtime,Rocky Linux Dockerfile already installs tmux; inspect build conversion/cache/runtime PATH.,/data/horse/ws/frwe188h-trp-shared/seta/scratch/job-137367-lXNxP3/validation-20261001T082314Z/results/stage_3_build_validation/16471e036cad/00050-ask_ubuntu__evolve__1116__b1
137367,4,ask_ubuntu__evolve__1032__b1,image_or_runtime,Rocky Linux Dockerfile already installs tmux; inspect build conversion/cache/runtime PATH.,/data/horse/ws/frwe188h-trp-shared/seta/scratch/job-137367-lXNxP3/validation-20261001T082314Z/results/stage_4_oracle_validation/16471e036cad/00015-ask_ubuntu__evolve__1032__b1/jobs/job
137367,4,ask_ubuntu__evolve__1091__b1,image_or_runtime,Rocky Linux Dockerfile already installs tmux; inspect build conversion/cache/runtime PATH.,/data/horse/ws/frwe188h-trp-shared/seta/scratch/job-137367-lXNxP3/validation-20261001T082314Z/results/stage_4_oracle_validation/16471e036cad/00040-ask_ubuntu__evolve__1091__b1/jobs/job
137367,4,ask_ubuntu__evolve__1116__b1,image_or_runtime,Rocky Linux Dockerfile already installs tmux; inspect build conversion/cache/runtime PATH.,/data/horse/ws/frwe188h-trp-shared/seta/scratch/job-137367-lXNxP3/validation-20261001T082314Z/results/stage_4_oracle_validation/16471e036cad/00050-ask_ubuntu__evolve__1116__b1/jobs/job
137367,4,ask_ubuntu__evolve__1100__b1,infrastructure,"Container startup/exec timeout, setup/solution/tests upload, or log cleanup failed; do not classify as wrong task answer.",/data/horse/ws/frwe188h-trp-shared/seta/scratch/job-137367-lXNxP3/validation-20261001T082314Z/results/stage_4_oracle_validation/16471e036cad/00042-ask_ubuntu__evolve__1100__b1/jobs/job
137367,4,ask_ubuntu__evolve__1033__d1,infrastructure,"Container startup/exec timeout, setup/solution/tests upload, or log cleanup failed; do not classify as wrong task answer.",/data/horse/ws/frwe188h-trp-shared/seta/scratch/job-137367-lXNxP3/validation-20261001T082314Z/results/stage_4_oracle_validation/16471e036cad/00016-ask_ubuntu__evolve__1033__d1/jobs/job
137367,4,ask_ubuntu__evolve__1048__d1,infrastructure,"Container startup/exec timeout, setup/solution/tests upload, or log cleanup failed; do not classify as wrong task answer.",/data/horse/ws/frwe188h-trp-shared/seta/scratch/job-137367-lXNxP3/validation-20261001T082314Z/results/stage_4_oracle_validation/16471e036cad/00022-ask_ubuntu__evolve__1048__d1/jobs/job
137367,5,ask_ubuntu__evolve__1039__b1,uninitialized_nop,NOP skipped agent-triggered setup. Run setup-only baseline; prevent reward on uninitialized task.,/data/horse/ws/frwe188h-trp-shared/seta/scratch/job-137367-lXNxP3/validation-20261001T082314Z/results/stage_5_nop_validation/16471e036cad/00019-ask_ubuntu__evolve__1039__b1/jobs/job
137367,5,ask_ubuntu__evolve__1032__b1,image_or_runtime,Rocky Linux Dockerfile already installs tmux; inspect build conversion/cache/runtime PATH.,/data/horse/ws/frwe188h-trp-shared/seta/scratch/job-137367-lXNxP3/validation-20261001T082314Z/results/stage_5_nop_validation/16471e036cad/00015-ask_ubuntu__evolve__1032__b1/jobs/job
137367,5,ask_ubuntu__evolve__1091__b1,image_or_runtime,Rocky Linux Dockerfile already installs tmux; inspect build conversion/cache/runtime PATH.,/data/horse/ws/frwe188h-trp-shared/seta/scratch/job-137367-lXNxP3/validation-20261001T082314Z/results/stage_5_nop_validation/16471e036cad/00040-ask_ubuntu__evolve__1091__b1/jobs/job
137367,5,ask_ubuntu__evolve__1116__b1,image_or_runtime,Rocky Linux Dockerfile already installs tmux; inspect build conversion/cache/runtime PATH.,/data/horse/ws/frwe188h-trp-shared/seta/scratch/job-137367-lXNxP3/validation-20261001T082314Z/results/stage_5_nop_validation/16471e036cad/00050-ask_ubuntu__evolve__1116__b1/jobs/job
137367,5,ask_ubuntu__evolve__1056__d1,collection_before_setup,Missing /srv/app/text_buffer.py causes collection error. Initialize baseline; missing outputs should fail executed assertions.,/data/horse/ws/frwe188h-trp-shared/seta/scratch/job-137367-lXNxP3/validation-20261001T082314Z/results/stage_5_nop_validation/16471e036cad/00027-ask_ubuntu__evolve__1056__d1/jobs/job
137368,3,ask_ubuntu__synth__306,infrastructure,"Container startup/exec timeout, setup/solution/tests upload, or log cleanup failed; do not classify as wrong task answer.",/data/horse/ws/frwe188h-trp-shared/seta/scratch/job-137368-U2wUAm/validation-20261001T082322Z/results/stage_3_build_validation/f289a667574c/00018-ask_ubuntu__synth__306
137368,3,ask_ubuntu__synth__351,infrastructure,"Container startup/exec timeout, setup/solution/tests upload, or log cleanup failed; do not classify as wrong task answer.",/data/horse/ws/frwe188h-trp-shared/seta/scratch/job-137368-U2wUAm/validation-20261001T082322Z/results/stage_3_build_validation/f289a667574c/00045-ask_ubuntu__synth__351
137368,3,ask_ubuntu__synth__361,infrastructure,"Container startup/exec timeout, setup/solution/tests upload, or log cleanup failed; do not classify as wrong task answer.",/data/horse/ws/frwe188h-trp-shared/seta/scratch/job-137368-U2wUAm/validation-20261001T082322Z/results/stage_3_build_validation/f289a667574c/00049-ask_ubuntu__synth__361
137368,3,ask_ubuntu__synth__289,infrastructure,"Container startup/exec timeout, setup/solution/tests upload, or log cleanup failed; do not classify as wrong task answer.",/data/horse/ws/frwe188h-trp-shared/seta/scratch/job-137368-U2wUAm/validation-20261001T082322Z/results/stage_3_build_validation/f289a667574c/00004-ask_ubuntu__synth__289
137368,3,ask_ubuntu__synth__29,infrastructure,"Container startup/exec timeout, setup/solution/tests upload, or log cleanup failed; do not classify as wrong task answer.",/data/horse/ws/frwe188h-trp-shared/seta/scratch/job-137368-U2wUAm/validation-20261001T082322Z/results/stage_3_build_validation/f289a667574c/00005-ask_ubuntu__synth__29
137368,3,ask_ubuntu__synth__43,infrastructure,"Container startup/exec timeout, setup/solution/tests upload, or log cleanup failed; do not classify as wrong task answer.",/data/horse/ws/frwe188h-trp-shared/seta/scratch/job-137368-U2wUAm/validation-20261001T082322Z/results/stage_3_build_validation/f289a667574c/00089-ask_ubuntu__synth__43
137368,3,ask_ubuntu__synth__431,infrastructure,"Container startup/exec timeout, setup/solution/tests upload, or log cleanup failed; do not classify as wrong task answer.",/data/horse/ws/frwe188h-trp-shared/seta/scratch/job-137368-U2wUAm/validation-20261001T082322Z/results/stage_3_build_validation/f289a667574c/00090-ask_ubuntu__synth__431
137368,3,ask_ubuntu__synth__437,infrastructure,"Container startup/exec timeout, setup/solution/tests upload, or log cleanup failed; do not classify as wrong task answer.",/data/horse/ws/frwe188h-trp-shared/seta/scratch/job-137368-U2wUAm/validation-20261001T082322Z/results/stage_3_build_validation/f289a667574c/00091-ask_ubuntu__synth__437
137368,5,ask_ubuntu__synth__343,uninitialized_nop,NOP skipped agent-triggered setup. Run setup-only baseline; prevent reward on uninitialized task.,/data/horse/ws/frwe188h-trp-shared/seta/scratch/job-137368-U2wUAm/validation-20261001T082322Z/results/stage_5_nop_validation/f289a667574c/00040-ask_ubuntu__synth__343/jobs/job
137368,5,ask_ubuntu__synth__344,verifier_dependencies,pip3 and pytest missing; dataset verifier bootstrap needs repair.,/data/horse/ws/frwe188h-trp-shared/seta/scratch/job-137368-U2wUAm/validation-20261001T082322Z/results/stage_5_nop_validation/f289a667574c/00041-ask_ubuntu__synth__344/jobs/job
137368,5,ask_ubuntu__synth__340,uninitialized_nop,NOP skipped agent-triggered setup. Run setup-only baseline; prevent reward on uninitialized task.,/data/horse/ws/frwe188h-trp-shared/seta/scratch/job-137368-U2wUAm/validation-20261001T082322Z/results/stage_5_nop_validation/f289a667574c/00039-ask_ubuntu__synth__340/jobs/job
137368,5,ask_ubuntu__synth__285,uninitialized_nop,NOP skipped agent-triggered setup. Run setup-only baseline; prevent reward on uninitialized task.,/data/horse/ws/frwe188h-trp-shared/seta/scratch/job-137368-U2wUAm/validation-20261001T082322Z/results/stage_5_nop_validation/f289a667574c/00001-ask_ubuntu__synth__285/jobs/job
137368,5,ask_ubuntu__synth__425,infrastructure,"Container startup/exec timeout, setup/solution/tests upload, or log cleanup failed; do not classify as wrong task answer.",/data/horse/ws/frwe188h-trp-shared/seta/scratch/job-137368-U2wUAm/validation-20261001T082322Z/results/stage_5_nop_validation/f289a667574c/00085-ask_ubuntu__synth__425
137368,5,ask_ubuntu__synth__426,infrastructure,"Container startup/exec timeout, setup/solution/tests upload, or log cleanup failed; do not classify as wrong task answer.",/data/horse/ws/frwe188h-trp-shared/seta/scratch/job-137368-U2wUAm/validation-20261001T082322Z/results/stage_5_nop_validation/f289a667574c/00086-ask_ubuntu__synth__426
137368,5,ask_ubuntu__synth__428,infrastructure,"Container startup/exec timeout, setup/solution/tests upload, or log cleanup failed; do not classify as wrong task answer.",/data/horse/ws/frwe188h-trp-shared/seta/scratch/job-137368-U2wUAm/validation-20261001T082322Z/results/stage_5_nop_validation/f289a667574c/00087-ask_ubuntu__synth__428
137368,5,ask_ubuntu__synth__429,infrastructure,"Container startup/exec timeout, setup/solution/tests upload, or log cleanup failed; do not classify as wrong task answer.",/data/horse/ws/frwe188h-trp-shared/seta/scratch/job-137368-U2wUAm/validation-20261001T082322Z/results/stage_5_nop_validation/f289a667574c/00088-ask_ubuntu__synth__429
137368,5,ask_ubuntu__synth__46,uninitialized_nop,NOP skipped agent-triggered setup. Run setup-only baseline; prevent reward on uninitialized task.,/data/horse/ws/frwe188h-trp-shared/seta/scratch/job-137368-U2wUAm/validation-20261001T082322Z/results/stage_5_nop_validation/f289a667574c/00099-ask_ubuntu__synth__46/jobs/job
137368,4,ask_ubuntu__synth__365,oracle_assertion,"Samba config contains only [global], missing required [shared]. Inspect setup/oracle state; oracle also simulates installation in dpkg status.",/data/horse/ws/frwe188h-trp-shared/seta/scratch/job-137368-U2wUAm/validation-20261001T082322Z/results/stage_4_oracle_validation/f289a667574c/00052-ask_ubuntu__synth__365/jobs/job
137368,4,ask_ubuntu__synth__425,infrastructure,"Container startup/exec timeout, setup/solution/tests upload, or log cleanup failed; do not classify as wrong task answer.",/data/horse/ws/frwe188h-trp-shared/seta/scratch/job-137368-U2wUAm/validation-20261001T082322Z/results/stage_4_oracle_validation/f289a667574c/00085-ask_ubuntu__synth__425
137368,4,ask_ubuntu__synth__426,infrastructure,"Container startup/exec timeout, setup/solution/tests upload, or log cleanup failed; do not classify as wrong task answer.",/data/horse/ws/frwe188h-trp-shared/seta/scratch/job-137368-U2wUAm/validation-20261001T082322Z/results/stage_4_oracle_validation/f289a667574c/00086-ask_ubuntu__synth__426
137368,4,ask_ubuntu__synth__428,infrastructure,"Container startup/exec timeout, setup/solution/tests upload, or log cleanup failed; do not classify as wrong task answer.",/data/horse/ws/frwe188h-trp-shared/seta/scratch/job-137368-U2wUAm/validation-20261001T082322Z/results/stage_4_oracle_validation/f289a667574c/00087-ask_ubuntu__synth__428
137368,4,ask_ubuntu__synth__39,infrastructure,"Container startup/exec timeout, setup/solution/tests upload, or log cleanup failed; do not classify as wrong task answer.",/data/horse/ws/frwe188h-trp-shared/seta/scratch/job-137368-U2wUAm/validation-20261001T082322Z/results/stage_4_oracle_validation/f289a667574c/00067-ask_ubuntu__synth__39/jobs/job
137368,4,ask_ubuntu__synth__385,infrastructure,"Container startup/exec timeout, setup/solution/tests upload, or log cleanup failed; do not classify as wrong task answer.",/data/horse/ws/frwe188h-trp-shared/seta/scratch/job-137368-U2wUAm/validation-20261001T082322Z/results/stage_4_oracle_validation/f289a667574c/00064-ask_ubuntu__synth__385/jobs/job
137368,4,ask_ubuntu__synth__372,task_command_timeout,hardware_inventory.sh times out at 30s in each test; distinguish host scale/load from task inefficiency.,/data/horse/ws/frwe188h-trp-shared/seta/scratch/job-137368-U2wUAm/validation-20261001T082322Z/results/stage_4_oracle_validation/f289a667574c/00056-ask_ubuntu__synth__372/jobs/job
137368,4,ask_ubuntu__synth__287,oracle_timeout,Oracle exceeded 360s; inspect setup runtime and node load before adjusting task.,/data/horse/ws/frwe188h-trp-shared/seta/scratch/job-137368-U2wUAm/validation-20261001T082322Z/results/stage_4_oracle_validation/f289a667574c/00003-ask_ubuntu__synth__287/jobs/job
137368,4,ask_ubuntu__synth__317,infrastructure,"Container startup/exec timeout, setup/solution/tests upload, or log cleanup failed; do not classify as wrong task answer.",/data/horse/ws/frwe188h-trp-shared/seta/scratch/job-137368-U2wUAm/validation-20261001T082322Z/results/stage_4_oracle_validation/f289a667574c/00024-ask_ubuntu__synth__317/jobs/job
137368,4,ask_ubuntu__synth__366,infrastructure,"Container startup/exec timeout, setup/solution/tests upload, or log cleanup failed; do not classify as wrong task answer.",/data/horse/ws/frwe188h-trp-shared/seta/scratch/job-137368-U2wUAm/validation-20261001T082322Z/results/stage_4_oracle_validation/f289a667574c/00053-ask_ubuntu__synth__366/jobs/job
